<?xml version="1.0" encoding="UTF-8" standalone="no"?><ROOT><PERSON><ID>1</ID><NAME>d</NAME><COORDINATES><X>2</X><Y>2</Y></COORDINATES><CREATIONDATE>2019-11-11 11:11</CREATIONDATE><HEIGHT>2</HEIGHT><BIRTHDAY></BIRTHDAY><WEIGHT>23</WEIGHT><NATIONALITY>USA</NATIONALITY><LOCATION><X>2</X><Y>3.0</Y><Z>3.0</Z></LOCATION></PERSON><PERSON><ID>2</ID><NAME>dcddd</NAME><COORDINATES><X>7.0</X><Y>2.0</Y></COORDINATES><CREATIONDATE>2019-11-11 11:11</CREATIONDATE><HEIGHT>3</HEIGHT><BIRTHDAY>2019-11-11 11:11</BIRTHDAY><WEIGHT>23</WEIGHT><NATIONALITY>USA</NATIONALITY><LOCATION><X>1</X><Y>1.0</Y><Z>1.0</Z></LOCATION></PERSON></ROOT>